5.4;3.4;1.7;0.2;Iris-setosa
6.3;2.8;5.1;1.5;Iris-virginica
5.7;2.9;4.2;1.3;Iris-versicolor
6.3;3.3;6.0;2.5;Iris-virginica
7.7;2.6;6.9;2.3;Iris-virginica
4.9;3.0;1.4;0.2;Iris-setosa
6.7;3.0;5.2;2.3;Iris-virginica
5.8;2.7;3.9;1.2;Iris-versicolor
7.2;3.2;6.0;1.8;Iris-virginica
5.7;2.8;4.5;1.3;Iris-versicolor
5.0;3.3;1.4;0.2;Iris-setosa
5.6;2.5;3.9;1.1;Iris-versicolor
4.3;3.0;1.1;0.1;Iris-setosa
5.6;3.0;4.1;1.3;Iris-versicolor
6.1;3.0;4.6;1.4;Iris-versicolor
6.4;3.2;4.5;1.5;Iris-versicolor
5.6;2.9;3.6;1.3;Iris-versicolor
5.3;3.7;1.5;0.2;Iris-setosa
6.2;2.9;4.3;1.3;Iris-versicolor
5.9;3.0;5.1;1.8;Iris-virginica
5.0;3.4;1.5;0.2;Iris-setosa
5.0;2.0;3.5;1.0;Iris-versicolor
6.6;2.9;4.6;1.3;Iris-versicolor
6.2;3.4;5.4;2.3;Iris-virginica
6.0;2.2;5.0;1.5;Iris-virginica
4.9;3.1;1.5;0.1;Iris-setosa
5.1;3.8;1.5;0.3;Iris-setosa
6.2;2.2;4.5;1.5;Iris-versicolor
5.5;4.2;1.4;0.2;Iris-setosa
6.7;2.5;5.8;1.8;Iris-virginica